Date,Close,Predictions
2018-02-21,266.6000061035156,259.65634
2018-02-22,262.1499938964844,262.835
2018-02-23,270.70001220703125,258.55298
2018-02-26,273.5,265.8528
2018-02-27,275.0,268.28458
2018-02-28,275.5,269.46475
2018-03-01,274.8500061035156,270.06848
2018-03-05,275.6499938964844,269.7292
2018-03-06,274.1499938964844,270.65076
2018-03-07,268.8999938964844,269.44675
2018-03-08,273.3999938964844,264.83353
2018-03-09,268.3500061035156,268.98776
2018-03-12,276.04998779296875,264.47052
2018-03-13,278.20001220703125,271.28165
2018-03-14,278.5,273.2331
2018-03-15,279.6000061035156,273.40515
2018-03-16,272.3999938964844,274.58438
2018-03-19,260.6000061035156,268.3368
2018-03-20,262.04998779296875,257.97858
2018-03-21,263.20001220703125,259.31027
2018-03-22,258.8500061035156,260.2086
2018-03-23,257.8999938964844,255.8584
2018-03-26,262.20001220703125,254.6869
2018-03-27,263.79998779296875,258.42877
2018-03-28,258.75,259.69736
2018-04-02,276.95001220703125,255.00496
2018-04-03,274.79998779296875,271.42627
2018-04-04,270.25,269.47195
2018-04-05,273.0,265.26508
2018-04-06,272.70001220703125,268.2477
2018-04-09,277.79998779296875,268.2698
2018-04-10,275.5,272.85236
2018-04-11,273.8500061035156,270.81967
2018-04-12,273.8500061035156,269.43417
2018-04-13,275.5,269.65552
2018-04-16,279.6499938964844,271.22034
2018-04-17,280.95001220703125,274.93634
2018-04-18,284.1000061035156,276.06744
2018-04-19,286.20001220703125,278.9758
2018-04-20,286.29998779296875,281.0229
2018-04-23,283.6000061035156,281.2546
2018-04-24,283.1499938964844,279.03052
2018-04-25,289.1000061035156,278.882
2018-04-26,291.20001220703125,284.4075
2018-04-27,292.1000061035156,286.1673
2018-04-30,297.54998779296875,286.92715
2018-05-02,292.75,292.08698
2018-05-03,286.6499938964844,287.78583
2018-05-04,287.79998779296875,282.5741
2018-05-07,294.20001220703125,284.00778
2018-05-08,289.70001220703125,289.76962
2018-05-09,292.0,285.28293
2018-05-10,285.25,287.40552
2018-05-11,287.5,281.41476
2018-05-14,255.8999938964844,283.52472
2018-05-15,242.6499938964844,255.43321
2018-05-16,241.1000061035156,243.22917
2018-05-17,247.5,241.33943
2018-05-18,244.6999969482422,246.02673
2018-05-21,243.5500030517578,242.57477
2018-05-22,247.1499938964844,240.68674
2018-05-23,250.1999969482422,243.53477
2018-05-24,254.5,246.07408
2018-05-25,257.8500061035156,249.69594
2018-05-28,260.6499938964844,252.65646
2018-05-29,257.5,255.22353
2018-05-30,264.5,252.56242
2018-05-31,269.20001220703125,259.00433
2018-06-01,263.25,263.4949
2018-06-04,255.25,258.21356
2018-06-05,263.75,251.30026
2018-06-06,265.75,259.1936
2018-06-07,267.1000061035156,261.13464
2018-06-08,266.95001220703125,262.13626
2018-06-11,263.70001220703125,262.14847
2018-06-12,267.6000061035156,259.47092
2018-06-13,269.6000061035156,263.14557
2018-06-14,277.79998779296875,265.0843
2018-06-15,272.1499938964844,272.48105
2018-06-18,275.3500061035156,267.45633
2018-06-19,267.04998779296875,270.55768
2018-06-20,260.8500061035156,263.47385
2018-06-21,258.20001220703125,258.00952
2018-06-22,262.1000061035156,255.70454
2018-06-25,264.5,259.01727
2018-06-26,267.3500061035156,260.8793
2018-06-27,265.6000061035156,263.16135
2018-06-28,263.95001220703125,261.53748
2018-06-29,269.3500061035156,260.1036
2018-07-02,264.45001220703125,265.05768
2018-07-03,281.0,260.67776
2018-07-04,277.29998779296875,275.5764
2018-07-05,271.25,272.1959
2018-07-06,266.29998779296875,266.74182
2018-07-09,275.25,262.7987
2018-07-10,274.75,271.08945
2018-07-11,269.79998779296875,270.47113
2018-07-12,265.20001220703125,265.80252
2018-07-13,258.8999938964844,261.84445
2018-07-16,243.25,256.31876
2018-07-17,247.8999938964844,242.30199
2018-07-18,238.6499938964844,245.81184
2018-07-19,233.1000061035156,237.4712
2018-07-20,238.6000061035156,231.63411
2018-07-23,243.3000030517578,235.93872
2018-07-24,246.3000030517578,239.91748
2018-07-25,236.8999938964844,242.21184
2018-07-26,239.1000061035156,233.77031
2018-07-27,242.25,235.42874
2018-07-30,242.1999969482422,238.42474
2018-07-31,246.8999938964844,238.28319
2018-08-01,235.6499938964844,242.31299
2018-08-02,235.4499969482422,232.5376
2018-08-03,234.6499938964844,232.00307
2018-08-06,239.5,231.47266
2018-08-07,237.6000061035156,235.59843
2018-08-08,236.3500061035156,233.91206
2018-08-09,237.3000030517578,232.63728
2018-08-10,233.5500030517578,233.51598
2018-08-13,234.5500030517578,230.29573
2018-08-14,237.5500030517578,231.02112
2018-08-16,239.3500061035156,233.75397
2018-08-17,243.0,235.39514
2018-08-20,245.1499938964844,238.65138
2018-08-21,240.5500030517578,240.74005
2018-08-23,235.4499969482422,236.82805
2018-08-24,231.0,232.36247
2018-08-27,237.0500030517578,228.47842
2018-08-28,233.3500061035156,233.69907
2018-08-29,234.5500030517578,230.54845
2018-08-30,236.0,231.24112
2018-08-31,234.3000030517578,232.59196
2018-09-03,236.6999969482422,231.11528
2018-09-04,223.6999969482422,233.14201
2018-09-05,222.3999938964844,221.88365
2018-09-06,221.0500030517578,220.12473
2018-09-07,222.9499969482422,218.97545
2018-09-10,222.0,220.35216
2018-09-11,216.0,219.3453
2018-09-12,222.6499938964844,213.865
2018-09-14,233.9499969482422,219.28337
2018-09-17,236.6000061035156,229.59222
2018-09-18,235.0500030517578,232.15794
2018-09-19,234.8999938964844,230.77629
2018-09-21,234.6000061035156,230.87216
2018-09-24,233.3000030517578,230.91943
2018-09-25,236.1000061035156,229.90628
2018-09-26,234.25,232.40678
2018-09-27,233.25,230.9302
2018-09-28,233.75,229.97574
2018-10-01,230.8999938964844,230.46286
2018-10-03,227.6000061035156,228.01411
2018-10-04,218.1999969482422,224.98564
2018-10-05,209.1999969482422,216.65662
2018-10-08,215.1499938964844,208.32065
2018-10-09,216.5,212.88857
2018-10-10,228.3999938964844,214.22272
2018-10-11,224.6000061035156,224.33865
2018-10-12,229.1000061035156,221.32886
2018-10-15,234.8999938964844,224.994
2018-10-16,235.4499969482422,230.55003
2018-10-17,231.1000061035156,231.34709
2018-10-19,227.1999969482422,227.60358
2018-10-22,223.25,224.23463
2018-10-23,218.3000030517578,220.81137
2018-10-24,219.8000030517578,216.33264
2018-10-25,222.1000061035156,217.30513
2018-10-26,217.6000061035156,219.28181
2018-10-29,220.0,215.25352
2018-10-30,227.3000030517578,216.97086
2018-10-31,217.8500061035156,223.54512
2018-11-01,217.75,215.5334
2018-11-02,217.6499938964844,214.85501
2018-11-05,219.8500061035156,214.96121
2018-11-06,213.8000030517578,216.84349
2018-11-07,215.1999969482422,211.56158
2018-11-09,209.5,212.35435
2018-11-12,214.6999969482422,207.52298
2018-11-13,219.9499969482422,211.60904
2018-11-14,217.3999938964844,216.46986
2018-11-15,221.4499969482422,214.34763
2018-11-16,221.8000030517578,217.68005
2018-11-19,224.1499938964844,218.33955
2018-11-20,215.9499969482422,220.45625
2018-11-21,219.0,213.49086
2018-11-22,215.8999938964844,215.79448
2018-11-26,217.6499938964844,213.41318
2018-11-27,217.75,214.6851
2018-11-28,216.0,214.83937
2018-11-29,218.75,213.26443
2018-11-30,218.6499938964844,215.55534
2018-12-03,214.75,215.64609
2018-12-04,209.5,212.19643
2018-12-05,211.6999969482422,207.43327
2018-12-06,208.1499938964844,209.08981
2018-12-07,206.5500030517578,206.13503
2018-12-10,198.1999969482422,204.3515
2018-12-11,202.8500061035156,196.9707
2018-12-12,212.9499969482422,200.306
2018-12-13,212.3999938964844,209.40602
2018-12-14,212.3500061035156,209.30316
2018-12-17,210.0500030517578,208.99748
2018-12-18,210.1000061035156,207.12509
2018-12-19,210.1499938964844,207.17624
2018-12-20,210.1999969482422,207.30234
2018-12-21,215.3999938964844,207.34253
2018-12-24,219.0500030517578,211.86647
2018-12-26,218.5500030517578,215.35916
2018-12-27,220.0500030517578,215.07751
2018-12-28,220.8000030517578,216.43756
2018-12-31,219.3999938964844,217.35721
2019-01-01,219.1000061035156,216.28761
2019-01-02,214.6000061035156,216.04831
2019-01-03,210.0500030517578,212.21442
2019-01-04,213.8000030517578,208.04927
2019-01-07,214.9499969482422,211.08862
2019-01-08,215.1499938964844,212.29305
2019-01-09,212.6000061035156,212.35857
2019-01-10,214.1499938964844,210.084
2019-01-11,211.8999938964844,211.31317
2019-01-14,213.5,209.4877
2019-01-15,214.3000030517578,210.70169
2019-01-16,216.4499969482422,211.4891
2019-01-17,218.1499938964844,213.36414
2019-01-18,216.25,214.9433
2019-01-21,210.5,213.37222
2019-01-22,212.1000061035156,208.29684
2019-01-23,210.6000061035156,209.42574
2019-01-24,210.8000030517578,208.28
2019-01-25,207.0500030517578,208.2423
2019-01-28,209.25,204.92079
2019-01-29,204.8500061035156,206.53331
2019-01-30,204.5,202.84294
2019-01-31,203.8000030517578,202.13934
2019-02-01,204.1000061035156,201.48589
2019-02-04,199.8500061035156,201.62233
2019-02-05,185.9499969482422,197.87495
2019-02-06,188.4499969482422,185.60246
2019-02-07,191.1000061035156,186.5349
2019-02-08,185.6999969482422,189.05415
2019-02-11,179.75,184.38431
2019-02-12,186.5500030517578,178.54727
2019-02-14,188.8999938964844,183.75294
2019-02-15,186.1499938964844,186.3376
2019-02-18,182.75,183.93509
2019-02-19,184.5,180.64899
2019-02-20,188.6999969482422,181.88145
2019-02-21,190.6499938964844,185.67715
2019-02-22,189.25,187.62643
2019-02-25,191.1000061035156,186.47754
2019-02-26,191.6499938964844,187.95721
2019-02-27,192.6999969482422,188.67915
2019-02-28,193.6999969482422,189.66794
2019-03-01,197.3000030517578,190.65381
2019-03-05,197.5500030517578,193.89798
2019-03-06,197.9499969482422,194.44826
2019-03-07,196.6000061035156,194.85677
2019-03-08,193.1999969482422,193.835
2019-03-11,202.5,190.92444
2019-03-12,204.8999938964844,198.82474
2019-03-13,202.8500061035156,201.67282
2019-03-14,206.1999969482422,199.96265
2019-03-15,203.1999969482422,202.81462
2019-03-18,200.25,200.66177
2019-03-19,203.3000030517578,197.99046
2019-03-20,198.1000061035156,200.54794
2019-03-22,195.75,196.35927
2019-03-25,196.6499938964844,193.89256
2019-03-26,196.0500030517578,194.53278
2019-03-27,196.6000061035156,194.078
2019-03-28,198.9499969482422,194.39973
2019-04-01,208.1000061035156,196.40918
2019-04-02,211.8999938964844,204.50314
2019-04-03,208.3500061035156,208.37146
2019-04-04,211.3500061035156,205.44002
2019-04-05,211.3000030517578,207.96114
2019-04-08,211.6999969482422,208.3641
2019-04-09,210.25,208.7824
2019-04-10,208.8000030517578,207.60718
2019-04-11,214.6000061035156,206.3225
2019-04-12,215.1499938964844,211.35588
2019-04-15,216.6499938964844,212.20227
2019-04-16,215.6999969482422,213.47035
2019-04-18,208.8500061035156,212.79434
2019-04-22,209.3500061035156,206.88625
2019-04-23,209.6000061035156,206.98918
2019-04-24,208.8999938964844,207.33888
2019-04-25,211.1999969482422,206.64908
2019-04-26,213.1999969482422,208.49403
2019-04-30,209.1999969482422,210.33598
2019-05-02,206.3000030517578,206.9151
2019-05-03,204.0,204.12947
2019-05-06,202.6499938964844,202.02013
2019-05-07,199.75,200.68729
2019-05-08,199.4499969482422,197.99525
2019-05-09,198.6000061035156,197.40445
2019-05-10,198.5,196.54971
2019-05-13,199.8500061035156,196.27234
2019-05-14,200.25,197.32129
2019-05-15,199.25,197.67595
2019-05-16,220.8000030517578,196.75493
2019-05-17,235.3999938964844,215.57169
2019-05-20,235.8500061035156,229.6969
2019-05-21,232.5,230.39534
2019-05-22,234.0500030517578,227.72792
2019-05-23,230.3000030517578,229.71135
2019-05-24,234.8999938964844,227.00395
2019-05-27,233.3999938964844,231.13103
2019-05-28,237.3000030517578,230.15819
2019-05-29,234.3500061035156,233.58429
2019-05-30,236.8500061035156,231.25233
2019-05-31,244.0,233.44388
2019-06-03,244.9499969482422,240.04935
2019-06-04,253.4499969482422,241.14365
2019-06-06,252.5,248.8035
2019-06-07,257.0,248.35878
2019-06-10,252.6999969482422,252.55984
2019-06-11,255.3500061035156,249.1412
2019-06-12,255.1499938964844,251.66194
2019-06-13,253.8500061035156,251.7708
2019-06-14,247.0500030517578,250.65213
2019-06-17,245.6999969482422,244.66084
2019-06-18,247.8000030517578,243.37234
2019-06-19,245.3000030517578,245.20656
2019-06-20,255.8500061035156,242.83426
2019-06-21,261.79998779296875,251.97974
2019-06-24,259.95001220703125,257.40598
2019-06-25,259.1499938964844,255.64204
2019-06-26,272.6499938964844,255.08578
2019-06-27,273.79998779296875,267.5955
2019-06-28,269.70001220703125,268.7313
2019-07-01,271.54998779296875,265.04623
2019-07-02,271.79998779296875,267.16718
2019-07-03,271.6499938964844,267.73654
2019-07-04,269.6499938964844,267.641
2019-07-05,266.6000061035156,265.91785
2019-07-08,263.54998779296875,263.2583
2019-07-09,263.54998779296875,260.5522
2019-07-10,251.6499938964844,260.48697
2019-07-11,255.9499969482422,249.77751
2019-07-12,257.95001220703125,253.22604
2019-07-15,254.3000030517578,254.95901
2019-07-16,259.54998779296875,251.29207
2019-07-17,257.0,255.70847
2019-07-18,255.1000061035156,253.45804
2019-07-19,248.8500061035156,251.5666
2019-07-22,251.6000061035156,246.00516
2019-07-23,250.3999938964844,248.28877
2019-07-24,249.8999938964844,247.16988
2019-07-25,251.6000061035156,246.43535
2019-07-26,258.3500061035156,247.82048
2019-07-29,256.0,253.8116
2019-07-30,249.6999969482422,251.70845
2019-07-31,251.6000061035156,246.05031
2019-08-01,258.75,247.82355
2019-08-02,265.6000061035156,254.36107
2019-08-05,260.8999938964844,260.44308
2019-08-06,270.54998779296875,256.1921
2019-08-07,269.3999938964844,265.0588
2019-08-08,270.8999938964844,264.4015
2019-08-09,265.5,265.84677
2019-08-13,263.6000061035156,261.3434
2019-08-14,267.0,259.86786
2019-08-16,266.8500061035156,263.08224
2019-08-19,268.20001220703125,262.92108
2019-08-20,265.8999938964844,264.03497
2019-08-21,261.45001220703125,262.0397
2019-08-22,258.70001220703125,258.11047
2019-08-23,265.95001220703125,255.68945
2019-08-26,269.04998779296875,262.148
2019-08-27,266.3999938964844,264.8053
2019-08-28,280.04998779296875,262.22037
2019-08-29,274.54998779296875,274.66687
2019-08-30,278.5,269.7717
2019-09-03,271.20001220703125,273.40256
2019-09-04,267.0,267.239
2019-09-05,264.45001220703125,263.63934
2019-09-06,262.75,261.49017
2019-09-09,263.79998779296875,259.84793
2019-09-11,259.3500061035156,260.5376
2019-09-12,262.29998779296875,256.34967
2019-09-13,259.0,258.75278
2019-09-16,257.5,255.73557
2019-09-17,256.25,254.1642
2019-09-18,259.75,252.96674
2019-09-19,254.4499969482422,255.9597
2019-09-20,267.3500061035156,251.12027
2019-09-23,273.6499938964844,262.49902
2019-09-24,275.0,268.24454
2019-09-25,279.45001220703125,269.2707
2019-09-26,279.8999938964844,273.5695
2019-09-27,281.95001220703125,274.3753
2019-09-30,276.0,276.5294
2019-10-01,270.6499938964844,271.47562
2019-10-03,272.75,266.97144
2019-10-04,266.20001220703125,269.08658
2019-10-07,265.70001220703125,263.16333
2019-10-09,269.95001220703125,262.4916
2019-10-10,266.6499938964844,266.2506
2019-10-11,272.04998779296875,263.07614
2019-10-14,275.75,267.74634
2019-10-15,277.75,271.10428
2019-10-16,275.54998779296875,272.80737
2019-10-17,279.45001220703125,270.9075
2019-10-18,282.0,274.6591
2019-10-22,281.75,277.09888
2019-10-23,278.8500061035156,276.8735
2019-10-24,281.1000061035156,274.41052
2019-10-25,279.6000061035156,276.67264
2019-10-27,279.8500061035156,275.3873
2019-10-29,283.3999938964844,275.59555
2019-10-30,291.75,278.8502
2019-10-31,317.0,286.3754
2019-11-01,304.95001220703125,309.41086
2019-11-04,306.6000061035156,297.40256
2019-11-05,300.5,300.0456
2019-11-06,299.8999938964844,295.60272
2019-11-07,300.8500061035156,295.52505
2019-11-08,295.20001220703125,296.5215
2019-11-11,294.95001220703125,291.28665
2019-11-13,289.5,291.15234
2019-11-14,295.5,286.19812
2019-11-15,297.75,291.5497
2019-11-18,305.29998779296875,293.2335
2019-11-19,302.5,299.78192
2019-11-20,306.79998779296875,296.97934
2019-11-21,301.79998779296875,301.17038
2019-11-22,299.6000061035156,296.7489
2019-11-25,302.1499938964844,295.03217
2019-11-26,299.5,297.5726
2019-11-27,307.3500061035156,294.97388
2019-11-28,318.70001220703125,302.0929
2019-11-29,323.1499938964844,312.18863
2019-12-02,316.79998779296875,315.64264
2019-12-03,314.3999938964844,309.95065
2019-12-04,318.8999938964844,308.79706
2019-12-05,315.6000061035156,313.49826
2019-12-06,313.75,310.22595
2019-12-09,315.45001220703125,308.68512
2019-12-10,312.8500061035156,310.4775
2019-12-11,314.3500061035156,307.95386
2019-12-12,323.54998779296875,309.35278
2019-12-13,328.04998779296875,317.71777
2019-12-16,322.25,321.22546
2019-12-17,325.1499938964844,315.72986
2019-12-18,312.3500061035156,319.20828
2019-12-19,313.95001220703125,307.6888
2019-12-20,312.6499938964844,309.76617
2019-12-23,314.8999938964844,308.45453
2019-12-24,315.3500061035156,310.1111
2019-12-26,312.8999938964844,310.17453
2019-12-27,318.45001220703125,307.77463
2019-12-30,321.3999938964844,312.94763
2019-12-31,321.3500061035156,315.31726
2020-01-01,323.8500061035156,315.0323
2020-01-02,323.3500061035156,317.52777
2020-01-03,318.20001220703125,317.13345
2020-01-06,312.1000061035156,312.57993
2020-01-07,314.8999938964844,307.4564
2020-01-08,316.25,310.32404
2020-01-09,328.54998779296875,311.16983
2020-01-10,341.3500061035156,322.0965
2020-01-13,352.95001220703125,333.10498
2020-01-14,389.6000061035156,343.08057
2020-01-15,391.4500122070313,377.33978
2020-01-16,384.25,375.6736
2020-01-17,380.2999877929688,370.92163
2020-01-20,383.1499938964844,370.84296
2020-01-21,385.7999877929688,374.99847
2020-01-22,385.0499877929688,377.36276
2020-01-23,393.25,376.64642
2020-01-24,384.6000061035156,384.85236
2020-01-27,382.3999938964844,376.02057
2020-01-28,380.7000122070313,375.48947
2020-01-29,383.4500122070313,374.419
2020-01-30,381.6000061035156,376.8289
2020-01-31,383.3999938964844,374.49677
2020-02-03,378.8500061035156,376.28046
2020-02-04,379.8999938964844,371.7559
2020-02-05,394.6000061035156,373.15234
2020-02-06,392.0499877929688,386.57834
2020-02-07,396.7000122070313,381.94562
2020-02-10,392.2999877929688,387.04947
2020-02-11,390.6000061035156,382.94687
2020-02-12,395.1499938964844,382.189
2020-02-13,392.5499877929688,386.8254
2020-02-14,396.8999938964844,383.62564
2020-02-17,381.0499877929688,388.09305
2020-02-18,382.0,372.9347
2020-02-19,383.1499938964844,375.85077
2020-02-20,380.5,376.45294
2020-02-24,369.1000061035156,373.06158
2020-02-25,369.0,362.60565
2020-02-26,365.6499938964844,363.5636
2020-02-27,363.2999877929688,359.83673
2020-02-28,346.1499938964844,357.2331
2020-03-02,338.79998779296875,341.25262
2020-03-03,355.29998779296875,335.48706
2020-03-04,349.20001220703125,350.53445
2020-03-05,348.5,342.19025
2020-03-06,344.5,341.49542
2020-03-09,330.1000061035156,338.0482
2020-03-11,327.8500061035156,324.90668
2020-03-12,303.45001220703125,323.53513
2020-03-13,324.25,301.084
2020-03-16,300.29998779296875,320.33453
2020-03-17,283.8500061035156,296.75558
2020-03-18,267.45001220703125,281.72757
2020-03-19,250.75,267.19467
2020-03-20,264.20001220703125,251.46628
2020-03-23,226.5,261.92053
2020-03-24,249.0500030517578,228.03142
2020-03-25,277.1499938964844,245.24832
2020-03-26,279.04998779296875,270.83102
2020-03-27,284.75,271.14874
2020-03-30,281.3999938964844,275.8729
2020-03-31,294.8500061035156,273.66904
2020-04-01,280.0,286.62714
2020-04-03,267.1499938964844,273.4105
2020-04-07,284.54998779296875,262.42444
2020-04-08,294.3999938964844,278.84317
2020-04-09,309.04998779296875,287.5572
2020-04-13,305.04998779296875,300.2932
2020-04-15,315.6499938964844,296.53815
2020-04-16,324.04998779296875,307.3253
2020-04-17,324.5,315.5532
2020-04-20,324.70001220703125,316.06708
2020-04-21,312.3999938964844,317.1199
2020-04-22,330.1499938964844,306.79544
2020-04-23,329.95001220703125,324.35745
2020-04-24,326.1000061035156,323.27362
2020-04-27,349.3500061035156,319.71768
2020-04-28,342.8999938964844,342.27637
2020-04-29,354.0,334.72607
2020-04-30,351.6000061035156,345.99524
2020-05-04,334.95001220703125,343.8337
2020-05-05,329.5,329.25415
2020-05-06,335.54998779296875,326.14346
2020-05-07,341.29998779296875,332.0425
2020-05-08,348.75,336.15433
2020-05-11,355.0,342.1272
2020-05-12,358.70001220703125,347.36435
2020-05-13,356.3500061035156,350.55328
2020-05-14,362.7999877929688,348.55383
2020-05-15,352.20001220703125,355.3366
2020-05-18,347.1000061035156,345.24713
2020-05-19,358.04998779296875,341.76022
2020-05-20,360.75,352.4948
2020-05-21,360.2999877929688,353.4763
2020-05-22,362.4500122070313,352.62146
2020-05-26,371.9500122070313,355.09277
2020-05-27,368.5499877929688,363.9342
2020-05-28,371.1499938964844,359.83707
2020-05-29,366.8999938964844,363.05273
2020-06-01,362.8500061035156,359.304
2020-06-02,367.4500122070313,356.13953
2020-06-03,366.6499938964844,360.90546
2020-06-04,381.5,359.44806
2020-06-05,379.75,373.25244
2020-06-08,379.4500122070313,369.9538
2020-06-09,384.25,370.32162
2020-06-10,384.6499938964844,375.5707
2020-06-11,375.7999877929688,375.54538
2020-06-12,371.0,367.5658
2020-06-15,370.0,364.55142
2020-06-16,369.0499877929688,364.06085
2020-06-17,369.6000061035156,362.763
2020-06-18,372.1499938964844,362.9532
2020-06-19,377.2999877929688,364.9805
2020-06-22,381.1000061035156,369.27332
2020-06-23,390.8500061035156,372.16125
2020-06-24,383.1000061035156,381.01288
2020-06-25,384.0,372.93137
2020-06-26,385.6499938964844,375.39062
2020-06-29,386.5499877929688,377.23663
2020-06-30,387.4500122070313,377.76572
2020-07-01,384.5,378.6286
2020-07-02,390.7999877929688,375.95956
2020-07-03,396.4500122070313,382.3481
2020-07-06,405.7000122070313,386.80353
2020-07-07,412.7000122070313,394.81027
2020-07-08,432.3999938964844,400.57498
2020-07-09,433.3500061035156,418.89673
2020-07-10,430.1000061035156,417.4345
2020-07-13,424.4500122070313,415.9951
2020-07-14,419.3500061035156,412.92096
2020-07-15,413.0499877929688,409.64066
2020-07-16,410.2999877929688,404.6175
2020-07-17,423.0,402.76212
2020-07-20,423.1000061035156,414.54074
2020-07-21,409.4500122070313,411.95435
2020-07-22,407.0,399.4821
2020-07-23,404.3999938964844,399.85266
2020-07-24,408.4500122070313,397.2336
2020-07-27,408.4500122070313,400.50732
2020-07-28,413.0499877929688,399.38934
2020-07-29,427.7000122070313,403.44525
2020-07-30,424.8999938964844,416.44287
2020-07-31,428.0499877929688,411.44998
2020-08-03,434.1000061035156,415.8093
2020-08-04,449.75,421.73282
2020-08-05,447.6000061035156,435.67438
2020-08-06,484.75,431.38065
2020-08-07,518.5999755859375,468.58417
2020-08-10,520.2999877929688,493.31213
2020-08-11,515.9000244140625,489.38422
2020-08-12,517.5499877929688,490.77866
2020-08-13,539.0499877929688,496.49
2020-08-14,537.5,517.09247
2020-08-17,543.75,510.7166
2020-08-18,545.75,520.15295
2020-08-19,548.2000122070312,521.81726
2020-08-20,549.25,524.58484
2020-08-21,545.7999877929688,526.09686
2020-08-24,545.5499877929688,523.3569
2020-08-25,545.5499877929688,524.72034
2020-08-26,549.1500244140625,524.72095
2020-08-27,544.6500244140625,527.99475
2020-08-28,547.0499877929688,522.8153
2020-08-31,532.3499755859375,526.71533
2020-09-01,548.5,512.0362
2020-09-02,549.8499755859375,531.1844
2020-09-03,578.5,526.2457
2020-09-04,569.0499877929688,553.40515
2020-09-07,545.2999877929688,536.61755
2020-09-08,538.3499755859375,520.92834
2020-09-09,534.75,522.17365
2020-09-10,546.5499877929688,517.7933
2020-09-11,548.4000244140625,528.14374
2020-09-14,546.5,525.6197
2020-09-15,542.3499755859375,523.9152
2020-09-16,542.4000244140625,521.1571
2020-09-17,548.2999877929688,522.0634
2020-09-18,540.5999755859375,526.9953
2020-09-21,507.75,517.8878
2020-09-22,504.3999938964844,490.2752
2020-09-23,493.5499877929688,495.09854
2020-09-24,488.6499938964844,482.24185
2020-09-25,509.7999877929688,477.88574
2020-09-28,517.0,497.15775
2020-09-29,503.25,496.6494
2020-09-30,499.9500122070313,482.89258
2020-10-01,509.1000061035156,484.68375
2020-10-05,503.5499877929688,493.00305
2020-10-06,505.6000061035156,484.49512
2020-10-07,505.0499877929688,488.47397
2020-10-08,488.25,487.33777
2020-10-09,471.25,471.6081
2020-10-12,474.7000122070313,459.87018
2020-10-13,468.9500122070313,465.4217
2020-10-14,489.7999877929688,456.9437
2020-10-15,474.1000061035156,476.71545
2020-10-16,477.1000061035156,456.5494
2020-10-19,475.8500061035156,463.63657
2020-10-20,477.8999938964844,461.59103
2020-10-21,465.2999877929688,463.03192
2020-10-22,466.2000122070313,450.87198
2020-10-23,472.7999877929688,454.39462
2020-10-26,476.9500122070313,459.5204
2020-10-27,498.75,461.24786
2020-10-28,492.8500061035156,481.2466
2020-10-29,492.0,471.06793
2020-10-30,492.8500061035156,473.75168
2020-11-02,493.75,475.8065
2020-11-03,489.5,476.40164
2020-11-04,492.75,472.6573
2020-11-05,506.4500122070313,477.0918
2020-11-06,504.2000122070313,489.02487
2020-11-09,509.8500061035156,483.6568
2020-11-10,498.3999938964844,491.0288
2020-11-11,503.4500122070313,479.6241
2020-11-12,508.75,487.76468
2020-11-13,513.25,491.09906
2020-11-14,516.1500244140625,493.9109
2020-11-17,518.2999877929688,496.35202
2020-11-18,516.9000244140625,498.3524
2020-11-19,515.5999755859375,497.12582
2020-11-20,519.0499877929688,496.8625
2020-11-23,521.6500244140625,500.62027
2020-11-24,526.8499755859375,502.0994
2020-11-25,514.7999877929688,506.6498
2020-11-26,519.8499755859375,494.5416
2020-11-27,538.0,503.15955
2020-12-01,529.2999877929688,518.0512
2020-12-02,539.25,504.76144
2020-12-03,550.4000244140625,518.7677
2020-12-04,563.5,526.4761
2020-12-07,567.8499755859375,536.11084
2020-12-08,562.75,538.4234
2020-12-09,565.5,534.683
2020-12-10,579.9000244140625,540.4328
2020-12-11,576.4000244140625,553.0925
2020-12-14,577.0,545.81396
2020-12-15,571.2999877929688,549.9166
2020-12-16,583.5999755859375,544.9868
2020-12-17,577.2999877929688,558.30927
2020-12-18,573.5499877929688,548.2499
2020-12-21,562.75,548.2357
2020-12-22,576.0,539.43286
2020-12-23,605.2999877929688,554.21875
2020-12-24,601.0,575.8119
2020-12-28,602.4500122070312,562.9968
2020-12-29,598.5999755859375,570.6033
2020-12-30,594.3499755859375,567.2858
2020-12-31,589.9000244140625,564.83185
2021-01-01,601.5,562.4744
2021-01-04,604.0,574.0786
2021-01-05,609.5499877929688,571.77826
2021-01-06,604.9500122070312,577.5265
2021-01-07,600.8499755859375,572.2951
2021-01-08,609.5499877929688,570.94385
2021-01-11,629.0,580.22076
2021-01-12,624.2999877929688,594.3737
2021-01-13,620.4000244140625,584.33344
2021-01-14,614.0,585.9689
2021-01-15,602.4000244140625,581.6697
2021-01-18,584.75,572.6661
2021-01-19,582.7000122070312,559.90704
2021-01-20,596.6500244140625,561.96387
2021-01-21,595.25,572.4376
2021-01-22,584.75,565.09015
2021-01-25,573.5999755859375,557.32904
2021-01-27,572.6500244140625,550.44946
2021-01-28,564.5999755859375,551.26825
2021-01-29,559.7999877929688,542.15784
2021-02-01,584.1500244140625,539.30054
2021-02-02,575.3499755859375,561.92365
2021-02-03,580.1500244140625,544.48553
2021-02-04,588.0499877929688,554.32166
2021-02-05,592.5,559.97565
2021-02-08,597.0999755859375,561.34625
2021-02-09,598.7000122070312,565.8411
2021-02-10,600.75,566.7857
2021-02-11,610.3499755859375,569.14417
2021-02-12,607.5,578.1011
2021-02-15,623.0999755859375,572.7816
2021-02-16,628.3499755859375,589.9775
2021-02-17,632.1500244140625,589.5139
2021-02-18,624.0,593.57324
2021-02-19,616.9500122070312,586.75146
2021-02-22,618.2999877929688,584.22595
2021-02-23,627.5,587.4332
2021-02-24,625.9500122070312,594.2884
2021-02-25,628.5,589.7181
2021-02-26,609.1500244140625,594.1458
2021-03-01,624.5499877929688,575.6311
2021-03-02,632.3499755859375,596.9001
2021-03-03,636.9000244140625,595.87756
2021-03-04,631.0999755859375,598.64856
2021-03-05,622.6500244140625,593.82324
2021-03-08,616.0499877929688,588.853
2021-03-09,611.7000122070312,585.4023
2021-03-10,620.9500122070312,582.4189
2021-03-12,615.25,591.1786
2021-03-15,607.6500244140625,581.6444
2021-03-16,610.6500244140625,577.6821
2021-03-17,603.3499755859375,582.44165
2021-03-18,594.9000244140625,573.0206
2021-03-19,600.25,567.89355
2021-03-22,620.5499877929688,574.59045
2021-03-23,634.0999755859375,589.5473
2021-03-24,629.0999755859375,595.0437
2021-03-25,614.8499755859375,588.66785
2021-03-26,628.2999877929688,580.286
2021-03-30,628.9000244140625,597.5627
2021-03-31,638.9000244140625,591.2401
2021-04-01,650.1500244140625,602.14386
2021-04-05,644.9500122070312,609.6095
2021-04-06,674.5499877929688,602.027
2021-04-07,665.75,633.75244
2021-04-08,670.7000122070312,613.72217
2021-04-09,679.7999877929688,627.20105
2021-04-12,655.5999755859375,633.621
2021-04-13,663.9500122070312,608.61365
2021-04-15,659.2999877929688,628.6463
2021-04-16,671.2999877929688,617.28156
2021-04-19,664.0999755859375,630.7841
2021-04-20,680.0999755859375,619.6339
2021-04-22,665.5,638.3578
2021-04-23,664.5999755859375,618.16144
2021-04-26,670.2000122070312,625.64777
2021-04-27,673.7000122070312,629.35114
2021-04-28,677.1500244140625,629.3326
2021-04-29,671.8499755859375,632.57
2021-04-30,669.5,626.9582
2021-05-03,677.0999755859375,627.65436
2021-05-04,645.25,634.7386
2021-05-05,649.0499877929688,602.476
2021-05-06,653.0999755859375,619.59467
2021-05-07,629.0,616.52484
2021-05-10,633.1500244140625,592.37146
2021-05-11,641.5999755859375,606.16736
2021-05-12,640.0499877929688,607.6504
2021-05-14,645.1500244140625,602.4453
2021-05-17,653.2999877929688,609.2547
2021-05-18,653.0,614.00244
2021-05-19,653.2000122070312,611.1886
2021-05-20,644.9000244140625,613.18713
2021-05-21,649.7000122070312,605.7259
2021-05-24,640.0999755859375,613.355
2021-05-25,649.9500122070312,601.6764
2021-05-26,641.9000244140625,614.78094
2021-05-27,648.5499877929688,602.44
2021-05-28,654.9500122070312,612.5887
2021-05-31,663.8499755859375,615.0856
2021-06-01,665.7999877929688,621.1932
2021-06-02,673.5499877929688,621.1209
2021-06-03,680.0,629.0244
2021-06-04,686.9500122070312,632.586
2021-06-07,699.9500122070312,637.9617
2021-06-08,710.4500122070312,648.6533
2021-06-09,702.8499755859375,654.3649
2021-06-10,707.7000122070312,646.2895
2021-06-11,715.4000244140625,656.77075
2021-06-14,714.75,660.65753
2021-06-15,719.5,658.11444
2021-06-16,735.9000244140625,665.0256
2021-06-17,745.0,677.55505
2021-06-18,739.7999877929688,679.615
2021-06-21,742.5499877929688,675.07574
2021-06-22,756.7000122070312,682.3055
2021-06-23,757.8499755859375,692.68506
2021-06-24,757.4500122070312,688.3629
2021-06-25,757.5999755859375,691.336
2021-06-28,765.6500244140625,692.1533
2021-06-29,758.0499877929688,699.24255
2021-06-30,754.4000244140625,689.52124
2021-07-01,756.0499877929688,691.9299
2021-07-02,763.5999755859375,693.55225
2021-07-05,766.2999877929688,698.51843
2021-07-06,762.5999755859375,698.1238
2021-07-07,763.0499877929688,695.2805
2021-07-08,763.2999877929688,698.06476
2021-07-09,765.9500122070312,697.2365
2021-07-12,775.9000244140625,699.71
2021-07-13,772.8499755859375,707.3072
2021-07-14,768.2000122070312,700.5326
2021-07-15,772.3499755859375,700.44965
2021-07-16,763.0,705.5642
2021-07-19,765.5499877929688,694.40186
2021-07-20,757.0999755859375,702.3469
2021-07-22,764.2000122070312,691.59296
2021-07-23,775.1500244140625,702.0886
2021-07-26,776.3499755859375,706.5696
2021-07-27,769.75,703.6804
2021-07-28,754.9000244140625,700.28986
2021-07-29,751.2000122070312,690.45447
2021-07-30,756.25,692.67426
2021-08-02,759.5499877929688,695.57025
2021-08-03,767.6500244140625,695.1688
2021-08-04,758.75,701.7863
2021-08-05,768.3499755859375,690.6449
2021-08-06,781.3499755859375,704.85724
2021-08-09,764.8499755859375,709.62274
2021-08-10,771.9000244140625,691.33594
2021-08-11,765.0,708.7823
2021-08-12,774.25,695.25757
2021-08-13,807.4500122070312,708.39813
2021-08-16,802.1500244140625,731.6031
2021-08-17,832.7999877929688,712.545
2021-08-18,841.4000244140625,750.3847
2021-08-20,847.2999877929688,740.37634
2021-08-23,832.5,749.5935
2021-08-24,836.9000244140625,737.41693
2021-08-25,836.0,749.741
2021-08-26,853.2999877929688,744.1832
2021-08-27,847.9500122070312,760.9777
2021-08-30,860.5,747.95374
2021-08-31,864.9500122070312,765.8545
2021-09-01,867.4500122070312,761.6309
2021-09-02,871.4500122070312,765.05634
2021-09-03,869.8499755859375,768.85846
2021-09-06,870.0499877929688,765.75616
2021-09-07,868.2999877929688,768.6247
2021-09-08,879.7999877929688,766.6491
2021-09-09,875.5999755859375,777.39545
2021-09-13,882.0999755859375,767.674
2021-09-14,881.2999877929688,778.71936
2021-09-15,871.5499877929688,773.15717
2021-09-16,874.0,767.5983
2021-09-17,874.1500244140625,774.84314
2021-09-20,857.0,770.5798
2021-09-21,858.9000244140625,757.8136
2021-09-22,854.1500244140625,768.25446
2021-09-23,850.6500244140625,758.07874
2021-09-24,836.75,758.8496
2021-09-27,835.0499877929688,747.6152
2021-09-28,822.7000122070312,751.70276
2021-09-29,823.4500122070312,738.6074
2021-09-30,813.5999755859375,744.7971
2021-10-01,801.25,732.66425
2021-10-04,814.2999877929688,726.80035
2021-10-05,801.4500122070312,741.19055
2021-10-06,820.6500244140625,720.00885
2021-10-07,824.5499877929688,746.0199
2021-10-08,818.75,735.79987
2021-10-11,816.25,733.4722
2021-10-12,816.1500244140625,735.5529
2021-10-13,848.1500244140625,734.2053
2021-10-14,849.5999755859375,761.3359
2021-10-18,843.9500122070312,746.2394
2021-10-19,843.2999877929688,749.565
2021-10-20,826.9500122070312,751.7927
2021-10-21,814.7999877929688,736.5882
2021-10-22,795.25,735.7969
2021-10-25,788.9500122070312,720.8246
2021-10-26,808.9000244140625,722.0745
2021-10-27,818.75,737.429
2021-10-28,809.7000122070312,733.94745
2021-10-29,809.5,726.3745
2021-11-01,824.9000244140625,732.3317
2021-11-02,833.7999877929688,742.49347
2021-11-03,826.9000244140625,742.78534
2021-11-04,827.4000244140625,736.76715
2021-11-08,836.3499755859375,742.5805
2021-11-09,835.6500244140625,747.9096
2021-11-10,842.4000244140625,743.52014
2021-11-11,837.6500244140625,752.333
2021-11-12,847.9000244140625,744.4168
2021-11-15,852.5499877929688,757.499
2021-11-16,833.4000244140625,755.06165
2021-11-17,836.4000244140625,739.53973
2021-11-18,832.0499877929688,753.3634
2021-11-22,812.75,742.6107
2021-11-23,820.9500122070312,730.21387
2021-11-24,798.9500122070312,745.79065
2021-11-25,807.7999877929688,717.3375
2021-11-26,766.7000122070312,738.3117
2021-11-29,766.0,693.0041
2021-11-30,778.5999755859375,713.26904
2021-12-01,772.7999877929688,714.9089
2021-12-02,773.25,702.4592
2021-12-03,774.2999877929688,709.15625
2021-12-06,747.5999755859375,706.72797
2021-12-07,760.7000122070312,682.88434
2021-12-08,772.1500244140625,706.84235
2021-12-09,777.5,703.9335
2021-12-10,769.6500244140625,705.9573
2021-12-13,754.0999755859375,699.6128
2021-12-14,739.5,689.98987
2021-12-15,746.2999877929688,682.9336
2021-12-16,740.25,691.9214
2021-12-17,726.3499755859375,680.204
2021-12-20,709.5499877929688,671.9435
2021-12-21,705.7000122070312,661.64764
2021-12-22,714.9500122070312,661.7309
2021-12-23,726.75,667.75775
2021-12-24,718.9500122070312,672.6095
2021-12-27,718.5,661.87164
2021-12-28,726.9500122070312,666.88855
2021-12-29,726.6500244140625,672.681
2021-12-30,728.0,668.3456
2021-12-31,743.4500122070312,671.74646
2022-01-03,748.0,684.6078
2022-01-04,738.8499755859375,681.8874
2022-01-05,733.5999755859375,675.5618
2022-01-06,725.4500122070312,676.3687
2022-01-07,736.0999755859375,669.6007
2022-01-10,731.9000244140625,681.8325
2022-01-11,738.6500244140625,671.82983
2022-01-12,736.0999755859375,681.7217
2022-01-13,730.2000122070312,675.75714
2022-01-14,762.5,672.76697
2022-01-17,765.0999755859375,703.6534
2022-01-18,731.4500122070312,689.48285
2022-01-19,717.6500244140625,666.5254
2022-01-20,723.4500122070312,670.58997
2022-01-21,726.5499877929688,674.02924
2022-01-24,691.4500122070312,671.7146
2022-01-25,707.75,640.6625
2022-01-27,705.9500122070312,669.86334
2022-01-28,717.9000244140625,653.9128
2022-01-31,727.2999877929688,667.5443
2022-02-01,736.0999755859375,670.8824
2022-02-02,742.4500122070312,675.63007
2022-02-03,738.0999755859375,679.9664
2022-02-04,733.7999877929688,675.0424
2022-02-07,704.7999877929688,675.0075
2022-02-08,697.0999755859375,650.79376
2022-02-09,700.2000122070312,655.7163
2022-02-10,706.7000122070312,656.07184
2022-02-11,701.0,658.2318
2022-02-14,694.2999877929688,650.9513
2022-02-15,702.0,647.9291
2022-02-16,701.0,656.19434
2022-02-17,720.3499755859375,650.3349
2022-02-18,717.5,669.333
2022-02-21,713.2000122070312,658.20984
2022-02-22,715.2000122070312,659.3153
2022-02-23,723.25,663.03546
2022-02-24,677.7000122070312,668.1103
2022-02-25,709.5,625.18774
2022-02-28,718.5999755859375,674.1251
2022-03-02,711.0,659.9581
2022-03-03,687.0499877929688,654.57794
2022-03-04,669.9500122070312,639.9777
2022-03-07,659.8499755859375,631.7528
2022-03-08,683.7000122070312,625.4977
2022-03-09,699.1500244140625,647.147
2022-03-10,724.2000122070312,648.67126
2022-03-11,716.4500122070312,668.2344
2022-03-14,722.25,653.72766
2022-03-15,748.5999755859375,667.21045
2022-03-16,747.8499755859375,687.3564
2022-03-17,772.2999877929688,676.0848
2022-03-21,747.7999877929688,705.00995
2022-03-22,752.9000244140625,672.39404
2022-03-23,748.7999877929688,694.1645
2022-03-24,740.5,684.11206
2022-03-25,733.3499755859375,679.5639
2022-03-28,741.25,677.6164
2022-03-29,743.2000122070312,685.2307
2022-03-30,765.8499755859375,682.12177
2022-03-31,777.4000244140625,702.7105
2022-04-01,789.7999877929688,702.592
2022-04-04,788.0999755859375,713.0328
2022-04-05,806.6500244140625,708.8273
2022-04-06,809.25,728.58966
2022-04-07,804.9000244140625,722.1058
2022-04-08,817.7000122070312,722.3063
2022-04-11,821.5,736.68604
2022-04-12,812.0999755859375,732.47125
2022-04-13,817.5999755859375,726.9895
2022-04-18,822.2999877929688,737.5163
2022-04-19,791.3499755859375,736.27673
2022-04-20,810.4500122070312,709.85223
2022-04-21,820.0499877929688,742.6692
2022-04-22,815.5999755859375,733.244
2022-04-25,792.75,730.30164
2022-04-26,822.0499877929688,715.8557
2022-04-27,798.5999755859375,749.3959
2022-04-28,811.6500244140625,709.95514
2022-04-29,823.75,740.4996
2022-05-02,824.4000244140625,738.0652
2022-05-04,803.2999877929688,735.3202
2022-05-05,776.3499755859375,721.54974
2022-05-06,764.9500122070312,707.69336
2022-05-09,758.25,706.01105
2022-05-10,745.7999877929688,699.3109
2022-05-11,744.0999755859375,688.85913
2022-05-12,738.0499877929688,690.90906
2022-05-13,737.5999755859375,682.5633
2022-05-16,735.5,683.69763
2022-05-17,734.25,680.1085
2022-05-18,754.2999877929688,678.913
2022-05-19,721.2999877929688,696.16986
2022-05-20,739.5999755859375,657.30475
2022-05-23,729.7000122070312,692.1557
2022-05-24,715.1500244140625,668.2233
2022-05-25,716.2000122070312,662.7704
2022-05-26,722.25,669.0867
2022-05-27,725.4500122070312,669.38873
2022-05-30,750.1500244140625,670.06305
2022-05-31,759.75,691.3917
2022-06-01,761.0999755859375,688.8451
2022-06-02,758.25,691.2401
2022-06-03,753.9000244140625,690.7557
2022-06-06,763.6500244140625,688.5737
2022-06-07,756.5999755859375,699.2889
2022-06-08,757.1500244140625,687.99805
2022-06-09,754.4000244140625,694.30615
2022-06-10,756.5999755859375,690.3308
2022-06-13,735.9500122070312,693.4956
2022-06-14,735.8499755859375,674.32294
2022-06-15,737.75,683.8013
2022-06-16,724.9500122070312,681.06415
2022-06-17,711.6500244140625,668.4988
2022-06-20,716.8499755859375,663.02637
2022-06-21,727.25,669.9378
2022-06-22,708.9500122070312,673.6444
2022-06-23,718.4500122070312,653.66724
2022-06-24,729.0,671.79596
2022-06-27,729.4000244140625,672.8021
2022-06-28,736.8499755859375,669.95074
2022-06-29,720.0,679.1343
2022-06-30,706.3499755859375,660.5039
2022-07-01,719.5499877929688,657.6125
2022-07-04,730.1500244140625,672.04846
2022-07-05,729.0499877929688,672.3844
2022-07-06,749.9500122070312,669.67395
2022-07-07,754.8499755859375,690.8056
2022-07-08,761.4000244140625,685.0614
2022-07-11,765.9000244140625,693.5983
2022-07-12,756.4500122070312,696.22943
2022-07-13,762.5499877929688,687.3428
2022-07-14,765.8499755859375,699.0415
2022-07-15,790.5499877929688,697.15674
2022-07-18,794.3499755859375,718.8217
2022-07-19,787.25,711.6023
2022-07-20,795.0,709.63104
2022-07-21,818.2999877929688,721.152
2022-07-22,804.0499877929688,735.5446
2022-07-25,807.9500122070312,714.8456
2022-07-26,790.8499755859375,731.60486
2022-07-27,801.5999755859375,711.2056
2022-07-28,806.5999755859375,730.1959
2022-07-29,811.6500244140625,725.8924
2022-08-01,811.0999755859375,730.1162
2022-08-02,811.5999755859375,729.0366
2022-08-03,812.75,730.3453
2022-08-04,789.25,731.37604
2022-08-05,784.7999877929688,710.96686
2022-08-08,788.7000122070312,719.0551
2022-08-10,790.5499877929688,718.6707
2022-08-11,773.4500122070312,717.36005
2022-08-12,763.4500122070312,702.99207
2022-08-16,779.5,702.0847
2022-08-17,793.5,716.289
2022-08-18,807.8499755859375,718.1541
2022-08-19,786.9500122070312,727.62354
2022-08-22,793.9500122070312,705.64124
2022-08-23,809.3499755859375,724.8821
2022-08-24,805.7000122070312,729.69824
2022-08-25,801.8499755859375,721.06696
2022-08-26,801.9500122070312,724.28485
2022-08-29,806.1500244140625,724.51886
2022-08-30,809.6500244140625,727.48016
2022-09-01,838.4000244140625,728.9968
2022-09-02,833.7000122070312,752.5995
2022-09-05,837.4500122070312,735.0933
2022-09-06,818.25,748.5494
2022-09-07,825.0999755859375,728.89496
2022-09-08,819.0999755859375,745.4293
2022-09-09,816.2999877929688,732.9388
2022-09-12,825.5,735.42053
2022-09-13,849.0,743.5289
2022-09-14,840.25,757.3384
2022-09-15,837.4000244140625,741.0116
2022-09-16,795.2000122070312,749.20435
2022-09-19,793.0,712.0392
2022-09-20,804.2000122070312,730.47485
2022-09-21,804.2000122070312,731.1015
2022-09-22,803.2000122070312,724.98596
2022-09-23,781.5499877929688,727.4745
2022-09-26,780.8499755859375,707.8529
2022-09-27,797.8499755859375,717.2566
2022-09-28,793.6500244140625,726.8055
2022-09-29,792.5999755859375,714.50586
2022-09-30,802.8499755859375,720.03796
2022-10-03,777.9500122070312,727.33154
2022-10-04,785.1500244140625,700.53345
2022-10-06,794.2999877929688,721.6626
2022-10-07,780.9000244140625,719.5585
2022-10-10,757.1500244140625,705.3666
2022-10-11,742.5999755859375,694.1099
2022-10-12,757.3499755859375,688.2565
2022-10-13,757.4000244140625,702.3066
2022-10-14,761.25,692.2135
2022-10-17,763.1500244140625,698.3605
2022-10-18,774.3499755859375,697.70544
2022-10-19,764.5499877929688,706.64703
2022-10-20,770.7000122070312,693.5932
2022-10-21,761.6500244140625,705.9129
2022-10-24,770.9500122070312,692.98663
2022-10-25,766.9500122070312,706.62006
2022-10-27,770.0499877929688,697.1562
2022-10-28,761.3499755859375,703.5016
2022-10-31,770.1500244140625,694.0095
2022-11-01,774.8499755859375,706.01105
2022-11-02,768.0499877929688,704.3059
2022-11-03,762.75,698.06067
2022-11-04,764.2999877929688,698.0723
2022-11-07,772.1500244140625,699.9465
2022-11-09,770.1500244140625,705.00726
2022-11-10,768.7000122070312,700.10004
2022-11-11,773.2000122070312,701.50885
2022-11-14,767.75,705.54364
2022-11-15,772.75,698.31213
2022-11-16,769.5499877929688,706.5271
2022-11-17,786.0,700.0588
2022-11-18,775.7000122070312,716.92786
2022-11-21,770.9500122070312,699.6806
2022-11-22,771.2999877929688,704.2467
2022-11-23,770.1500244140625,704.6336
2022-11-24,792.75,702.02374
2022-11-25,789.1500244140625,722.82837
2022-11-28,804.2999877929688,708.273
2022-11-29,805.0499877929688,728.65
2022-11-30,818.0499877929688,721.05756
2022-12-01,813.2000122070312,735.4548
2022-12-02,795.5499877929688,725.91974
2022-12-05,800.5,716.39984
2022-12-06,797.6500244140625,728.7101
2022-12-07,799.3499755859375,719.3984
2022-12-08,804.2000122070312,724.2869
2022-12-09,803.2999877929688,726.93256
2022-12-12,810.0499877929688,723.73
2022-12-13,807.5999755859375,731.521
2022-12-14,815.4500122070312,725.6055
2022-12-15,804.9000244140625,735.3081
2022-12-16,801.5499877929688,721.9401
2022-12-19,808.8499755859375,726.2487
2022-12-20,808.2999877929688,731.65344
2022-12-21,802.5999755859375,726.643
2022-12-22,798.6500244140625,724.42737
2022-12-23,779.0,723.29486
2022-12-26,775.2999877929688,706.8488
2022-12-27,777.8499755859375,712.318
2022-12-28,780.1500244140625,711.33984
2022-12-29,776.0999755859375,710.98926
2022-12-30,766.9500122070312,706.9958
2023-01-02,762.2999877929688,700.79913
2023-01-03,767.1500244140625,699.84357
2023-01-04,762.25,703.82764
2023-01-05,763.8499755859375,696.03796
2023-01-06,761.3499755859375,700.6278
2023-01-09,766.9500122070312,696.21594
2023-01-10,769.25,702.2565
2023-01-11,759.2999877929688,701.1177
2023-01-12,754.25,692.3845
2023-01-13,752.9000244140625,693.2283
2023-01-16,747.25,691.86285
2023-01-17,750.0499877929688,686.39185
2023-01-18,750.5,691.14667
2023-01-19,738.5,688.6272
2023-01-20,738.4500122070312,678.3192
2023-01-23,742.4500122070312,683.72626
2023-01-24,740.9000244140625,684.24023
2023-01-25,740.0499877929688,680.8636
2023-01-27,735.25,681.7161
2023-01-30,735.6500244140625,677.1274
2023-01-31,729.5,679.311
2023-02-01,740.7999877929688,672.6705
2023-02-02,737.1500244140625,685.19354
2023-02-03,726.5999755859375,675.55365
2023-02-06,729.75,670.0867
2023-02-07,728.2000122070312,676.9553
2023-02-08,724.4000244140625,671.4806
2023-02-09,721.9500122070312,669.6205
2023-02-10,726.5999755859375,668.77875
2023-02-13,717.7999877929688,672.72614
2023-02-14,721.0,662.3849
2023-02-15,728.0999755859375,669.86786
2023-02-16,732.5999755859375,672.8127
2023-02-17,726.25,673.9714
2023-02-20,721.7999877929688,668.132
2023-02-21,726.2000122070312,667.778
2023-02-22,721.4500122070312,672.36743
2023-02-23,716.0999755859375,665.3056
2023-02-24,716.1500244140625,663.6823
2023-02-27,710.2999877929688,665.0292
2023-02-28,715.2999877929688,658.43823
2023-03-01,715.25,665.41205
2023-03-02,707.3499755859375,661.83356
2023-03-03,709.8499755859375,655.5344
2023-03-06,713.5999755859375,661.2433
2023-03-08,720.5,661.55853
2023-03-09,709.25,666.44867
2023-03-10,704.4000244140625,654.32574
2023-03-13,694.1500244140625,656.0868
2023-03-14,693.2999877929688,646.92035
2023-03-15,687.5499877929688,649.1717
2023-03-16,694.0,642.48145
2023-03-17,706.2000122070312,649.8289
2023-03-20,702.5999755859375,656.7464
2023-03-21,700.9000244140625,649.06274
2023-03-22,710.9000244140625,651.5936
2023-03-23,707.1500244140625,660.5059
2023-03-24,702.3499755859375,652.42725
2023-03-27,699.3499755859375,652.1195
2023-03-28,696.0499877929688,650.9372
2023-03-29,697.5499877929688,648.1299
2023-03-31,708.8499755859375,650.49054
2023-04-03,717.0499877929688,659.14655
2023-04-05,727.4000244140625,661.7475
2023-04-06,730.5,669.7128
2023-04-10,720.6500244140625,669.7928
2023-04-11,717.2999877929688,662.0696
2023-04-12,718.4000244140625,664.63837
2023-04-13,719.5999755859375,665.3042
2023-04-17,713.2000122070312,665.4025
2023-04-18,707.0499877929688,659.7196
2023-04-19,700.8499755859375,657.18427
2023-04-20,703.4000244140625,652.99243
2023-04-21,700.4000244140625,656.4822
2023-04-24,732.5499877929688,651.35425
2023-04-25,734.4500122070312,681.3416
2023-04-26,746.7000122070312,668.1453
2023-04-27,754.0,684.7273
2023-04-28,763.8499755859375,686.7254
2023-05-02,779.5999755859375,694.4005
2023-05-03,781.4000244140625,706.52185
2023-05-04,775.5,703.089
2023-05-05,776.25,701.68427
2023-05-08,788.9000244140625,706.13
2023-05-09,789.0,715.74725
2023-05-10,791.1500244140625,710.76215
2023-05-11,789.4500122070312,716.0973
2023-05-12,789.0499877929688,713.73883
2023-05-15,786.9500122070312,714.93176
2023-05-16,786.25,713.46747
2023-05-17,778.25,713.84564
2023-05-18,776.2999877929688,707.0439
2023-05-19,765.4500122070312,709.0464
2023-05-22,766.0999755859375,698.71234
2023-05-23,770.0499877929688,703.8147
2023-05-24,771.1500244140625,704.3584
2023-05-25,780.2999877929688,703.23285
2023-05-26,789.7000122070312,711.55554
2023-05-29,794.25,715.1122
2023-05-30,790.9000244140625,716.68317
2023-05-31,798.6500244140625,713.99304
2023-06-01,793.6500244140625,723.30566
2023-06-02,796.0499877929688,714.674
2023-06-05,792.4500122070312,721.4533
2023-06-06,792.0999755859375,716.1941
2023-06-07,823.0999755859375,718.21515
2023-06-08,807.0999755859375,744.3654
2023-06-09,801.0,715.1325
2023-06-12,800.75,726.2637
2023-06-13,819.9000244140625,724.6152
2023-06-14,862.5,739.4072
2023-06-15,865.0,767.029
2023-06-16,862.75,751.72546
2023-06-19,857.0,760.5877
2023-06-20,858.9000244140625,756.6502
2023-06-21,860.1500244140625,761.0543
2023-06-22,841.9000244140625,761.18805
2023-06-23,840.8499755859375,746.07196
2023-06-26,862.5499877929688,755.39386
2023-06-27,854.2000122070312,768.9143
2023-06-28,854.2000122070312,751.09064
2023-06-30,860.9000244140625,761.9084
2023-07-03,858.8499755859375,763.9152
2023-07-04,855.5499877929688,759.01154
2023-07-05,845.9000244140625,760.0294
2023-07-06,845.0499877929688,752.41125
2023-07-07,833.25,756.02545
2023-07-10,825.6500244140625,744.20044
2023-07-11,840.2999877929688,743.6484
2023-07-12,843.25,756.54395
2023-07-13,837.3499755859375,749.3247
2023-07-14,851.5,747.1035
2023-07-17,852.5999755859375,761.95166
2023-07-18,858.7000122070312,753.5046
2023-07-19,860.4500122070312,762.59753
2023-07-20,873.0999755859375,760.7747
2023-07-21,852.3499755859375,771.837
2023-07-24,863.0999755859375,748.96045
2023-07-25,868.5499877929688,772.16364
2023-07-26,873.9000244140625,765.1797
2023-07-27,850.0499877929688,770.5197
2023-07-28,859.3499755859375,749.90436
2023-07-31,859.2999877929688,770.53766
2023-08-01,856.75,759.45605
2023-08-02,843.0499877929688,760.6745
2023-08-03,835.4000244140625,750.7012
2023-08-04,834.7999877929688,749.72485
2023-08-07,837.7999877929688,749.9173
2023-08-08,847.4500122070312,750.6465
2023-08-09,860.2000122070312,757.1195
2023-08-10,850.5499877929688,763.1608
2023-08-11,836.9000244140625,750.8706
2023-08-14,844.7000122070312,747.71234
2023-08-16,840.7000122070312,758.1014
2023-08-17,844.25,747.3982
2023-08-18,842.5499877929688,755.32117
2023-08-21,848.5,750.4928
2023-08-22,848.7999877929688,757.03345
2023-08-23,844.5499877929688,754.044
2023-08-24,844.2000122070312,751.68256
2023-08-25,832.5499877929688,753.73834
2023-08-28,841.7999877929688,742.80884
2023-08-29,838.25,756.6952
2023-08-30,848.3499755859375,745.8007
2023-08-31,834.3499755859375,758.7168
2023-09-01,844.1500244140625,740.7584
2023-09-04,846.0499877929688,758.4357
2023-09-05,846.2999877929688,751.37823
2023-09-06,878.9000244140625,753.2703
2023-09-07,858.7000122070312,781.0296
2023-09-08,853.0999755859375,746.54297
2023-09-11,862.5999755859375,762.4955
2023-09-12,864.75,766.5554
2023-09-13,889.2999877929688,762.2921
2023-09-14,884.5499877929688,785.772
2023-09-15,875.9000244140625,768.1938
2023-09-18,880.9500122070312,771.2144
2023-09-20,869.7000122070312,778.06165
2023-09-21,871.0,763.61536
2023-09-22,877.75,773.57465
2023-09-25,900.5999755859375,774.6648
2023-09-26,895.2000122070312,790.5524
2023-09-27,888.8499755859375,776.2798
2023-09-28,876.5,780.17395
2023-09-29,876.9000244140625,771.17773
2023-10-03,871.9000244140625,776.48987
2023-10-04,864.75,769.59674
2023-10-05,860.2000122070312,766.57465
2023-10-06,874.75,765.1723
2023-10-09,880.6500244140625,777.19745
2023-10-10,888.75,773.37634
2023-10-11,888.4000244140625,781.04645
2023-10-12,892.3499755859375,777.43677
2023-10-13,913.3499755859376,782.84515
2023-10-16,908.5999755859376,797.86395
2023-10-17,907.8499755859376,783.86285
2023-10-18,895.7000122070312,792.6323
